,MEDICINES  LIST   7-6-2026,,,,,,,,,,,,,
,,,,,,,,,,,,,,
,,,,,,,,,,,,,,
,ANTI DIABETIC - A (1-10),,,,,,,,,,,,,
,,,,,,,,,,,,,,
,S.No,Medicine Name,EXP DATE,STOCK FOR JUNE,COST,TOTAL STOCK,,,,,,,,
,1,TAB  GLIMIMORE 2 MG,Aug-26,3335,,0,,,,,,,,
,,Glimipiride 2 mg,,,,,,,,,,,,
,2,TAB   GM CARE,Jun-27,2260,,5000,,,,,,,,
,, Metformin   500mg ,,,,,,,,,,,,
,3,TAB METFORD 250 MG ,Jan-27,2475,,1410,,,,,,,,
,,Metformin    250mg,,,,,,,,,,,,
,4,TAB –  ORGLIMP M / GLIMISIL M1,Mar-27,4400,,4200,,,,,,,,
,,Glimepiride 1mg +  Metformin 500mg SR,,,,,,,,,,,,
,5,TAB – GLIMSIZ M2  /  GLIMISIL M2,Jul-27,8850,,9000,,,,,,,,
,,Glimepiride 2mg +  Metformin 500mg ER,,,,,,,,,,,,
,6,TAB  JANUGLIP 20,Jan-27,1750,,2800,,,,,,,,
,, Teneligliptin 20 mg,,,,,,,,,,,,
,7,TAB –   GIGAHEM M / GLICLEAN 80,Mar-27,3475,,2200,,,,,,,,
,,Gliclazide 80mg +  Metformin HCI 500mg ,,,,,,,,,,,,
,,,,,,,,,,,,,,
,ANTI HYPERTENSIVE  - B (11-25),,,,,,,,,,,,,
,,,,,,,,,,,,,,
,S.No,Medicine Name,EXP DT,STOCK,COST,TOTAL STOCK,,,,,,,,
,11,TAB RAMWISE 2.5 / RAMIRACE 2.5,Nov-26,1045,,0,,,,,,,,
,,Rampril 2. 5mg,,,,,,,,,,,,
,12,TAB RAMIRACE 5,Jan-27,880,,0,,,,,,,,
,,Rampril 5mg,,,,,,,,,,,,
,13,TAB- AMLOBID / AMLOPEN AT,Apr-27,1985,,8200,,,,,,,,
,,Amlodipine 5mg+ Atenolol 50mg ,,,,,,,,,,,,
,14,TAB  TELGO 20 ,May-27,1650,,2500,,,,,,,,
,,Telmisartan 20 mg,,,,,,,,,,,,
,15,TAB  DURATELMI  40,Apr-27,3520,,0,,,,,,,,
,, Telmisartan 40 mg,,,,,,,,,,,,
,16,TAB   DURATELMI H,May-27,5400,,7000,,,,,,,,
,, TELMISARTAN 40mg + HYDROCHLORTHIAZIDE 12.5mg ,,,,,,,,,,,,
,17,TAB ECOSPIRIN 75 ,Feb-27,1700,,0,,,,,,,,
,,Asprin ,,,,,,,,,,,,
,18,TAB ECOSPIRIN 150 MG,Feb-27,1132,,0,,,,,,,,
,,Asprin ,,,,,,,,,,,,
,19,TAB QUALISTAT 75,Jun-27,1885,,1600,,,,,,,,
,,Clopidogrel Tablets IP 75 mg,,,,,,,,,,,,
,20,TAB   AMLIP 5,,3000,,0,,,,,,,,
,,Amlodipine 5mg,,,,,,,,,,,,
,21,TAB CHLORNOL 6.25,Sep-26,985,,0,,,,,,,,
,,Chlorthalidone Tablets IP 6.25 mg,,,,,,,,,,,,
,22,TAB CHLORNOL  12.50,May-27,1310,,0,,,,,,,,
,,Chlorthalidone Tablets IP 12.5 mg,,,,,,,,,,,,
,23,TAB METODER XL 50 / KYMOLOL 50,Jun-27,860,,,,,,,,,,
,,Metoprolol 50 mg,,,,,,,,,,,,
,,,,,,,,,,,,,,
,CHOLESTEROL - C (26-30),,,,,,,,,,,,,
,,,,,,,,,,,,,,
,S.No,Medicine Name,EXP DT,STOCK,COST,TOTAL STOCK,,,,,,,,
,26,TAB  ATV 10,Oct-27,1770,,2000,,,,,,,,
,,Atorvastin Calcium 10 mg,,,,,,,,,,,,
,27,TAB ATORVASTATIN 20 mg ,Nov-27,2290,,800,,,,,,,,
,,Atorvastin Calcium 20 mg,,,,,,,,,,,,
,28,TAB ATORVASTATIN 40 MG ,Jan-28,1875,,1400,,,,,,,,
,,Atorvastin Calcium 40 mg,,,,,,,,,,,,
,,,,,,,,,,,,,,
,NEURO MEDICINES  - D (31-35),,,,,,,,,,,,,
,,,,,,,,,,,,,,
,S.No,Medicine Name,EXP DT,STOCK,,,,,,,,,,
,31,TAB NEUROSAN - PG,Oct-26,6700,,0,,,,,,,,
,,Pregabalin 75mg SR + Methylcobalamine 1500mg+Nortryptilin 10mg,,,,,,,,,,,,
,33,TAB NUROVEL P,Oct-27,4300,,0,,,,,,,,
,, Methylcobalamine 750 MCG + Pregabalin 75,,,,,,,,,,,,
,,,,,,,,,,,,,,
,,,,,,,,,,,,,,
,,,,,,,,,,,,,,
,,,,,,,,,,,,,,
,,,,,,,,,,,,,,
,,,,,,,,,,,,,,
,,,,,,,,,,,,,,
,,,,,,,,,,,,,,
,,,,,,,,,,,,,,
,,,,,,,,,,,,,,
,,,,,,,,,,,,,,
,,,,,,,,,,,,,,
,,,,,,,,,,,,,,
,ITCHING & SKIN ALLERGY - E (36-45),,,,,,,,,,,,,
,,,,,,,,,,,,,,
,S.No,Medicine Name,EXP DT,STOCK,COST,TOTAL STOCK,,,,,,,,
,36,LULEZ  CREAM,May-27,136,,0,,,,,,,,
,,Luliconazole 1%,,,,,,,,,,,,
,37, DERMRED KZ CREAM,Nov-26,43,,0,,,,,,,,
,,"Clobetasol Propionate,Neomycin Sulphate, Ketoconazole,",,,,,,,,,,,,
,,"Iodochlorhydroxyquinoline, Tolnaflate Cream",,,,,,,,,,,,
,38,TAB FLUCASIL - 150,Jan-27,335,,280,,,,,,,,
,,Fluconazole 150 mg,,,,,,,,,,,,
,39,TAB  PLAYCET / ELCISAN,Mar-27,1690,,1000,,,,,,,,
,,LevoCetrizine 5mg ,,,,,,,,,,,,
,40,TAB LEVOST M,Jan-27,1000,,2600,,,,,,,,
,,Montelukast 10mg + Levocetrizine hydrochloride 5mg,,,,,,,,,,,,
,41,LIQUID PARAFFIN BOTTLES (ORALOIL),,71,,0,,,,,,,,
,,Liquid Petrolatum+ Mineral Oil,,,,,,,,,,,,
,42, SCABAVENT CREAM,,54,,0,,,,,,,,
,,Permethrin Cream,,,,,,,,,,,,
,43,CALAGY  LOTION / CUTWIN LOTION,,39,,60,,,,,,,,25
,,Calamine with Light Liquid Paraffin and Aloe,,,,,,,,,,,,
,44,MUROP CREAM / CIPIBET CREAM,Sep-26,78,,275,,,,,,,,
,,Mupirocin 2% Ointment,,,,,,,,,,,,
,45,TAB EFECTRA 100,Oct-26,940,,0,,,,,,,,
,,Itracanazole 100 mg,,,,,,,,,,,,
,46,CLOBIMET CREAM / CANDRING CREAM,Aug-26,64,,0,,,,,,,,
,,Clotrimazole cream IP 1% W/W,,,,,,,,,,,,
,47,CLINDACAM GEL / TOCAN GEL,Mar-27,25,,0,,,,,,,,
,,Clindamycin Phosphate Gel USP,,,,,,,,,,,,
,48,TAB DESOMAC 5,Mar-27,870,,0,,,,,,,,
,,Desloratadine ,,,,,,,,,,,,
,49,TAB BILAA 20 / BILANCHY 20,Sep-27,1226,,0,,,,,,,,
,,Bilastine 20 mg,,,,,,,,,,,,
,,,,,,,,,,,,,,
,,,,,,,,,,,,,,
,,,,,,,,,,,,,,
,,,,,,,,,,,,,,
,GASTRIC AND ANTACIDS - F (51-65),,,,,,,,,,,,,
,,,,,,,,,,,,,,
,S.No,Medicine Name,EXP  DT,STOCK,COST,TOTAL STOCK,,,,,,,,
,51,TAB SANSIVO 4 HD ,Aug-26,595,,600,,,,,,,,
,,Ondansetron HCL 4 mg(Mouth Dissolve),,,,,,,,,,,,
,52,TAB METRONEED  400,Oct-26,580,,400,,,,,,,,
,,Metronidazole 400 mg,,,,,,,,,,,,
,53,TAB BENDEX 400,Aug-26,47,,0,,,,,,,,
,,  Albendazole 400mg,,,,,,,,,,,,
,54,TAB  RAPRA 20 ,May-27,1095,,4000,,,,,,,,
,,Rabeprozole 20mg,,,,,,,,,,,,
,56,TAB   ACINOK 40,Nov-26,4480,,0,,,,,,,,
,,Pentaprozole 40mg,,,,,,,,,,,,
,57,CAP PENRAB  DSR / RAPRA DSR,Oct-26,3680,,3200,,,,,,,,
,,Pentaprozole and Domperidone SR Capsules,,,,,,,,,,,,
,58,TAB  LEXINET,Sep-26,600,,400,,,,,,,,
,,Sodium Bicarbonate,,,,,,,,,,,,
,59,SYRUP SANSILAX,Aug-26,66,,,,,,,,,,
,,"Milk of Magnesia 1.25 ml, Liquid Paraffin 3.75 ml, Sod, PicoSulphate 3.33 ml",,,,,,,,,,,,
,60,SYRUP A2 MPS,Oct-27,20,,39,,,,,,,,
,,Simenthicone 50 mg + Dried Aluminium Hydroxide gel 253 mg + Magnesium Hydroxide 250 ml,,,,,,,,,,,,
,61,SYRUP ALKASIL,Jan-27,18,,0,,,,,,,,
,,Disodium Hydrogen Citrate 1.37gm Syrup,,,,,,,,,,,,
,,,,,,,,,,,,,,
,ANTIBIOTICS - G  (66-75),,,,,,,,,,,,,
,,,,,,,,,,,,,,
,S.No,Medicine Name,EXP DT,STOCK,COST,TOTAL STOCK,,,,,,,,
,66,TAB -  MOXITIV CV 625,May-27,1250,,2000,,,,,,,,
,,Amoxycillin 500mg + Clavulanic Acid 125mg      ,,,,,,,,,,,,
,67,TAB PODTIV - 200,Feb-27,600,,1100,,,,,,,,
,,Cefpodoxime 200 mg,,,,,,,,,,,,
,69,TAB – AZIDOVE 500MG ,Oct-26,565,,1000,,,,,,,,
,,Azithromycin 500mg,,,,,,,,,,,,
,71,TAB FIXTRUM 200 LB ,Oct-27,425,,500,,,,,,,,
,,Cefixime 200mg + Lactic Acid Bacillus 60 Million Spores,,,,,,,,,,,,
,,,,,,,,,,,,,,
,COUGH & COLD  - H (76-85),,,,,,,,,,,,,
,,,,,,,,,,,,,,
,S.No,Medicine Name,EXP DT,STOCK,COST,TOTAL STOCK,,,,,,,,
,76,TAB -CHESTON COLD / COLDMINE,May-27,1200,,1600,,,,,,,,
,,Diphenhydramine Hyderochloride 25mg +Caffeine 30 mg + Paracetamol 500mg  +Phenylephrine 5 mg,,,,,,,,,,,,
,77,TAB DERICIP RETARD,Apr-28,860,,2000,,,,,,,,
,,ETHOPHYLLINE 115 mg AND THEOPHYLINE 35 mg Prolongid Relax  Deriphyllin ,,,,,,,,,,,,
,78,ELCISAN M SYRUP,Jun-27,59,,0,,,,,,,,
,,Levocetrizine Dihydrochloride & Montelikast Sodium,,,,,,,,,,,,
,79,SYRUP BRONCOWEL - DM,Nov-26,20,,,,,,,,,,
,,Dextromethorphan Hbr 10 mg+ CPM 2mg +Phenylephrine Hcl 5mg,,,,,,,,,,,,
,80,SYRUP BRONCOWEL - TL,Dec-26,19,,,,,,,,,,
,,"Terbutaline Sulphate,Guaiphenesin ,Ambroxil Hcl,Menthol ",,,,,,,,,,,,
,81,ALKOF LOZENZES,Jul-27,320,,0,,,,,,,,
,,Lozenzes,,,,,,,,,,,,
,,,,,,,,,,,,,,
,PAIN KILLERS - I (86-100),,,,,,,,,,,,,
,,,,,,,,,,,,,,
,S.No,Medicine Name,EXP DT,STOCK,COST,TOTAL STOCK,,,,,,,,
,86,TAB   PROCYM ,May-27,1260,,1500,,,,,,,,
,,Piroxicam 20 mg,,,,,,,,,,,,
,87,TAB  ACEFENAC CZ,Apr-27,3655,,5000,,,,,,,,
,,Aceclofenac 100mg + Paracetamol 325mg + Chlorzoxazone 250mg,,,,,,,,,,,,
,88,TAB  DOLINO SP / ACECLOGESIC SP,Aug-27,3690,,10200,,,,,,,,
,,Aceclofenac 100mg + Paracetamol 325mg +Serratiopeptidase 15mg,,,,,,,,,,,,
,89,TAB   DOLINO  P ,,3450,,0,,,,,,,,
,,Aceclofenac 100 mg + Paracetamol 325mg,,,,,,,,,,,,
,90, TAB DOLIPRANE 500 MG,Oct-26,1420,,3000,,,,,,,,
,,Paracetamol 500mg,,,,,,,,,,,,
,91,TAB -OROPYRIN 650 / PYREXIL 650,Sep-26,4000,,10000,,,,,,,,
,,Paracetamol 650mg,,,,,,,,,,,,
,92,DOLEZ CREAM  ,,635,,1000,,,,,,,,
,,"Diclofenec Sodium 1%, Linseed Oil B.P 3%, Methyl Salicylate 10%, Menthal 5%",,,,,,,,,,,,
,93,TAB  FLA 6 / CORTICON ,Mar-27,1230,,2000,,,,,,,,
,,Deflazacort 6mg,,,,,,,,,,,,
,94,TAB FLAMONA PLUS,Oct-27,1510,,8000,,,,,,,,
,,Diclofenac Potassium 50 mg+ PARACETAMOL 325 mg ,,,,,,,,,,,,
,,,,,,,,,,,,,,
,VITAMINS & DIGESTIVE - J (101-115),,,,COST,TOTAL STOCK,,,,,,,,
,,,,,,,,,,,,,,
,S.No,Medicine Name,EXP DT,STOCK,,,,,,,,,,
,101,TAB  VITAFE XT,Jun-27,2900,,0,,,,,,,,
,,Ferrous Ascorbate 100 mg + Folic Acid 1.5 mg + Zinc 22.5mg,,,,,,,,,,,,
,102,CAP VITAFE Z ,Dec-26,3730,,4200,,,,,,,,
,,Iron + Folic Acid + Vitamin B12,,,,,,,,,,,,
,103,CAP.CALCIQUICK D3,Mar-27,100,,710,,,,,,,,
,,Cholecalciferol 60000 iu,,,,,,,,,,,,
,104,CAP  MULVIT ,Mar-27,10660,,15000,,,,,,,,
,,Multivitamin Capsules,,,,,,,,,,,,
,105,TAB  OSTRATE ,,"10,660",,10000,,,,,,,,
,,Calcium with VIT D3,,,,,,,,,,,,
,106,SYRUP ESCAL S,May-27,110,,0,,,,,,,,
,,Calcium with VIT D3,,,,,,,,,,,,
,107,SYRUP  ORTYZYME,Aug-26,150,,600,,,,,,,,
,,Digestive Supplement,,,,,,,,,,,,
,108,SYRUP  ZBM,Oct-26,432,,400,,,,,,,,
,,Multivitamin Syrup,,,,,,,,,,,,
,109,PEG  D POWDER  ,Jul-27,311,,0,,,,,,,,
,,Protein Powder Sugar Free,,,,,,,,,,,,
,110,SYRUP   MINAPLEX,Jan-27,109,,70,,,,,,,,
,,Protein + Fortified with B Complex and L -Lysine,,,,,,,,,,,,
,111,MULTIVITAMIN FORTE,Nov-26,6400,,6500,,,,,,,,
,,Multivitamin B Complex Tab,,,,,,,,,,,,
,,"Vitamin B1,B2,B3,B6 & Calcium Panthonate",,,,,,,,,,,,
,112,TAB BECOSHELL,Jan-27,1200,,2100,,,,,,,,
,,B- Complex with VITAMIN C,,,,,,,,,,,,
,,,,,,,,,,,,,,
,,,,,,,,,,,,,,
,,,,,,,,,,,,,,
,,,,,,,,,,,,,,
,,,,,,,,,,,,,,
,,,,,,,,,,,,,,
,,,,,,,,,,,,,,
,,,,,,,,,,,,,,
,,,,,,,,,,,,,,
,ENT CARE  - K (116-120),,,,,,,,,,,,,
,,,,,,,,,,,,,,
,S.No,Medicine Name,EXP DT,STOCK,COST,TOTAL STOCK,,,,,,,,
,116,WAX O CLEAN / CLEAR WAX  EAR DROPS,Apr-27,25,,50,,,,,,,,
,,Paraidichlorobenzene 2%W/V Benzocaine 2.7%W/V Chlorbutol 5% w/vAnd Turpentine oil 15% W/V,,,,,,,,,,,,
,117,SYNFAST N  NASAL DROPS,Jun-26,25,,0,,,,,,,,
,,Xylometazoline Hydrochloride Nasal Drops IP,,,,,,,,,,,,
,118,EYEKIND DROPS / EVERFRESH DROPS,Dec-26,123,,450,,,,,,,,
,119,OFLATOPEYE DROPS ,Sep-26,37,,,,,,,,,,
,,Oflaxin Eye Drops,,,,,,,,,,,,
,120,CHLOROVUE EYE CAPS,May-27,190,,,,,,,,,,
,,Chloramphenicol Eye Ointment,,,,,,,,,,,,
,,,,,,,,,,,,,,
,,,,,,,,,,,,,,
,,,,,,,,,,,,,,
,KIDS -L (121-140),,,,,,,,,,,,,
,,,,,,,,,,,,,,
,S.No,Medicine Name,EXP DT,STOCK,COST,TOTAL STOCK,,,,,,,,
,121,PEG POWDER / BENEFIT KIDS,,117,,400,,,,,,,,
,,Protein Powder,,,,,,,,,,,,
,122,SYRUP  LYPER,,117,,0,,,,,,,,
,,Ferrous Ascorbate and Folic Acid Suspension,,,,,,,,,,,,
,123,SYRUP NUCETRON ,Aug-27,40,,0,,,,,,,,
,,Ondansetron Hydrochloride,,,,,,,,,,,,
,125,SYRUP SPASMOSIL P,Mar-27,82,,0,,,,,,,,
,,Dicyclomine Hydrochloride +Simethicone Oral Suspension,,,,,,,,,,,,
,126,SYRUP SANSICOFF- LS,Dec-26,90,,0,,,,,,,,
,,Levosalbutamol Sulphate + Ambroxol Hydrochloride Guaiphebesia,,,,,,,,,,,,
,127,SYRUP PYREXIL 250 ,Jul-27,31,,50,,,,,,,,
,,Paracetamol 250 mg,,,,,,,,,,,,
,128, SYRUP SYNFAST AF,Dec-26,15,,0,,,,,,,,
,,Phenylephrine Hydrochloride & Chlorpheniramine Maleate Syrup,,,,,,,,,,,,
,129,SYRUP MOXITIV CV ,May-27,44,,,,,,,,,,
,,Amoxycillin  200mg + Potassium Clavulanic Acid 28.5 mg Oral Suspension,,,,,,,,,,,,
,130,SYRUP- ALTEC,Oct-26,39,,50,,,,,,,,
,,Albendazole Oral Suspension I.P.,,,,,,,,,,,,
,132,ZYVAL P NASAL DROPS,Oct-26,33,,,,,,,,,,
,,Xylometazoline Nasal Drops 0.05% w/v,,,,,,,,,,,,
,134,SYRUP ALMEFKEM - P FORTE,Jul-26,24,,0,,,,,,,,
,,Paracetamol +Mefanamic Acid  Suspension,,,,,,,,,,,,
,135,SYRUP G FINE BC ,Aug-26,44,,0,,,,,,,,
,,Bacillus Clausii Spores Suspension,,,,,,,,,,,,
,136,SPOROLAC SACHETS  POWDER,Jan-27,440,,0,,,,,,,,
,,Bacillus Clausii Spores Suspension,,,,,,,,,,,,
,,,,,,,,,,,,,,
,OTHERS -M(141-170),,,,COST,TOTAL STOCK,,,,,,,,
,,,,,,,,,,,,,,
,S.No,Medicine Name,EXP DT,STOCK,,,,,,,,,,
,141, THYRINE 50 ,,1470/49,,1800,,,,,,,,
,,Thyroxine Sodium Tablets 50mcg,,,,,,,,,,,,
,142, THYRINE 100,,2400/80,,1800,,,,,,,,
,,Thyroxine Sodium Tablets 100 mcg,,,,,,,,,,,,
,143, THYRINE 75,,1440/48,,1800,,,,,,,,
,,Thyroxine Sodium Tablets 75 mcg,,,,,,,,,,,,
,144, THYRINE 25,,1920/64,,1800,,,,,,,,
,,Thyroxine Sodium Tablets 25 mcg,,,,,,,,,,,,
,145, THYRINE  12.5,,1290/43,,1800,,,,,,,,
,,Thyroxine Sodium Tablets 12.5 mcg,,,,,,,,,,,,
,146,TAB EPTOIN 50,,1000,,1000,,,,,,,,
,,Phentoin 50 mg,,,,,,,,,,,,
,147,TAB  EPTOMOL  100mg,May-27,1060,,0,,,,,,,,
,,Phentoin100 mg,,,,,,,,,,,,
,148,TAB FLAWOWICK,Dec-26,450,,0,,,,,,,,
,,Flavoxate IP 200 mg,,,,,,,,,,,,
,149,TAB  LEVITAFINE 500,Apr-27,1220,,2000,,,,,,,,
,,Leviritacetam 500 mg,,,,,,,,,,,,
,150,TAB BUSCOGAST / BIOSPAN,Apr-27,1000,,0,,,,,,,,
,,HYOSCINE BULYLBROMIDE,,,,,,,,,,,,
,151,CAP DOXYTIC LB / L DOXY / OFDOX LB,Oct-26,430,,0,,,,,,,,
,, Doxycycline  + Lactic Acid Bacillus,,,,,,,,,,,,
,152,SANSYLITE SACHETS,,52,,100,,,,,,,,
,,ORS POWDER,,,,,,,,,,,,
,153,PRE PRODER,Dec-26,83,,,,,,,,,,
,,Pre Biotic and Pro Biotic Sachets,,,,,,,,,,,,
,154,TAB VERTYSIN  8 / VERTIBLOW 8,Mar-28,1027,,750,,,,,,,,
,, Betahistine 8MG ,,,,,,,,,,,,
,155,TAB PRIMOLUT N 5 MG / PREVENT N,Sep-26,785,,500,,,,,,,,
,,Norethisterone Tablets 5 mg,,,,,,,,,,,,
,156,TAB LASIX 40,Apr-27,215,,,,,,,,,,
,, Fruosemide 40 mg ,,,,,,,,,,,,
,157,TAB CARVEDILOL 3.125 MG / CARIZEST 3.125,Apr-27,760,,0,,,,,,,,
,,Carvedilol 3.35,,,,,,,,,,,,
,158,CAP  LEEZOLE VG,Aug-26,67,,70,,,,,,,,
,,Clotrimozole 100mg,,,,,,,,,,,,
,159,TAB LACTOLUS - DS,Jan-27,525,,0,,,,,,,,
,,Lactic Acid Basillus,,,,,,,,,,,,
,160,CAP EUON SOFTGEL,Mar-27,1800,,200,,,,,,,,
,,Vitamin E 400 IU Softgel,,,,,,,,,,,,
,161,TAB FEBUTAX 40 / FEBUCIMIA / KYFEBU,Aug-26,1090,,200,,,,,,,,
,, Febuxostat  40 mg,,,,,,,,,,,,
,162,TAB  NORFLOKEM 400 MG,May-26,1470,,1000,,,,,,,,
,,Norflaxacin 400,,,,,,,,,,,,
,163,TAB FOLYACT / NECFOLIC,Jul-26,2400,,3000,,,,,,,,
,, Folic Acid,,,,,,,,,,,,
,164,TAB TRYPTINOL 10 ,Feb-27,1580,,200,,,,,,,,
,, Amitriptyline Miltriptyline  Hydrochloride 10 mg,,,,,,,,,,,,
,165,TAB FEMI 21,Oct-26,399,,42,,,,,,,,
,,Levonorgestrel and Ethinyloestradiol Tablets,,,,,,,,,,,,
,166,TAB TENACID MF / TWISE MF,Apr-27,150,,,,,,,,,,
,,Tranexamic Acid + Mefanemic Acid,,,,,,,,,,,,
,167,TAB KYRURIIX 0.4,,200,,0,,,,,,,,
,,Tramsulosin HCI Modified Release Tablets,,,,,,,,,,,,
,168,TAB METOFAIR  SPAS,Apr-27,320,,400,,,,,,,,
,,Mefenamic Acid + Dicyclomine Hydrochloride Tablets,,,,,,,,,,,,
,169,TAB  IRON AND FOLIC ACID ,Mar-27,2500,,5000,,,,,,,,
,,Dried Ferrous Sulphate + Folic acid 5mg,,,,,,,,,,,,
,,,,,,,,,,,,,,
,600,TAB  SORBITRATE ,,300,,,,,,,,,,
,,ISOSORBIDE DINITRATE TABLETS,,,,,,,,,,,,
